City_ID,City,Country,Date,Lat,Lng,Max Temp,Humidity,Cloudiness,Wind Speed
0,Avarua,CK,2021-11-03 01:25:01,-21.2078,-159.775,80.65,69,40,18.41
1,Kapit,MY,2021-11-03 01:25:01,2.0167,112.9333,79.45,87,99,1.12
2,Busselton,AU,2021-11-03 01:25:02,-33.65,115.3333,62.04,57,23,8.93
3,Puerto Ayora,EC,2021-11-03 01:25:03,-0.7393,-90.3518,69.8,87,99,8.28
4,Rikitea,PF,2021-11-03 01:25:03,-23.1203,-134.9692,73.4,77,100,15.84
5,Butaritari,KI,2021-11-03 01:25:04,3.0707,172.7902,82.4,66,6,13.78
6,Saskylakh,RU,2021-11-03 01:25:04,71.9167,114.0833,2.34,98,100,4.07
7,Muli,MV,2021-11-03 01:21:16,2.9167,73.5667,81.37,78,100,18.99
8,Thompson,CA,2021-11-03 01:25:05,55.7435,-97.8558,24.96,86,1,3.44
9,Cherskiy,RU,2021-11-03 01:25:05,68.75,161.3,-4.31,97,98,8.97
10,Ixtapa,MX,2021-11-03 01:20:45,20.7,-105.2,76.26,90,94,0.34
11,Punta Arenas,CL,2021-11-03 01:22:25,-53.15,-70.9167,48.31,87,90,4.61
12,Bredasdorp,ZA,2021-11-03 01:25:06,-34.5322,20.0403,52.92,76,0,6.91
13,Broome,US,2021-11-03 01:25:06,42.2506,-75.833,39.78,68,90,1.99
14,Hobart,AU,2021-11-03 01:25:06,-42.8794,147.3294,76.01,60,75,1.01
15,Sao Felix Do Xingu,BR,2021-11-03 01:25:07,-6.6447,-51.995,72.66,97,100,1.34
16,Vao,NC,2021-11-03 01:25:07,-22.6667,167.4833,69.85,61,70,11.92
17,Yar-Sale,RU,2021-11-03 01:25:07,66.8333,70.8333,14.38,87,100,13.56
18,Bluff,NZ,2021-11-03 01:25:08,-46.6,168.3333,56.8,56,2,18.59
19,Maceio,BR,2021-11-03 01:24:04,-9.6658,-35.7353,80.04,89,20,5.75
20,Port Elizabeth,ZA,2021-11-03 01:25:08,-33.918,25.5701,52.09,87,0,3.44
21,Svetlogorsk,BY,2021-11-03 01:25:08,52.6333,29.7333,47.12,97,100,8.3
22,Vaini,TO,2021-11-03 01:25:09,-21.2,-175.2,82.56,74,40,9.22
23,Lethem,GY,2021-11-03 01:25:09,3.3803,-59.7968,80.17,70,36,6.64
24,Hilo,US,2021-11-03 01:25:09,19.7297,-155.09,87.28,49,1,6.91
25,Yokadouma,CM,2021-11-03 01:25:10,3.5167,15.05,68.52,99,97,1.81
26,Albany,US,2021-11-03 01:23:39,42.6001,-73.9662,45.18,68,43,3.0
27,Acajutla,SV,2021-11-03 01:25:10,13.5928,-89.8275,80.65,73,92,5.48
28,Tilichiki,RU,2021-11-03 01:25:10,60.4667,166.1,-0.85,82,11,6.13
29,Jamestown,US,2021-11-03 01:25:10,42.097,-79.2353,37.02,92,75,8.01
30,Joensuu,FI,2021-11-03 01:25:11,62.6012,29.7632,42.28,88,75,16.11
31,Dingle,PH,2021-11-03 01:25:11,10.9995,122.6711,78.67,89,100,10.16
32,Kaitangata,NZ,2021-11-03 01:25:11,-46.2817,169.8464,53.49,52,3,11.23
33,Dikson,RU,2021-11-03 01:25:12,73.5069,80.5464,13.26,91,100,24.94
34,Sokolo,ML,2021-11-03 01:25:12,14.7328,-6.1219,85.53,43,81,6.44
35,Vila Velha,BR,2021-11-03 01:21:25,-20.3297,-40.2925,75.15,88,40,11.5
36,Nikolskoye,RU,2021-11-03 01:25:12,59.7035,30.7861,40.87,87,55,7.74
37,Castro,BR,2021-11-03 01:25:13,-24.7911,-50.0119,58.73,97,2,4.52
38,Clyde River,CA,2021-11-03 01:25:13,70.4692,-68.5914,22.82,87,96,29.15
39,Port Alfred,ZA,2021-11-03 01:25:13,-33.5906,26.891,60.39,78,73,2.59
40,Berlevag,NO,2021-11-03 01:25:14,70.8578,29.0864,40.86,88,100,25.23
41,Barrow,US,2021-11-03 01:25:14,71.2906,-156.7887,17.62,86,1,14.97
42,Brae,GB,2021-11-03 01:25:14,60.3964,-1.353,44.51,75,100,16.75
43,Inta,RU,2021-11-03 01:25:15,66.0317,60.1659,21.51,70,100,24.92
44,Katsuura,JP,2021-11-03 01:25:15,35.1333,140.3,66.31,59,25,11.68
45,Hithadhoo,MV,2021-11-03 01:25:15,-0.6,73.0833,82.04,77,36,16.13
46,Airai,TL,2021-11-03 01:25:16,-8.9266,125.4092,74.71,57,89,3.89
47,Kruisfontein,ZA,2021-11-03 01:26:16,-34.0033,24.7314,51.35,84,0,4.03
48,Qaanaaq,GL,2021-11-03 01:26:16,77.484,-69.3632,7.07,62,0,8.59
49,Eureka,US,2021-11-03 01:26:17,40.8021,-124.1637,62.2,80,5,7.23
50,Pevek,RU,2021-11-03 01:26:17,69.7008,170.3133,2.73,81,100,9.62
51,Touros,BR,2021-11-03 01:26:17,-5.1989,-35.4608,81.5,79,11,9.4
52,Hofn,IS,2021-11-03 01:26:18,64.2539,-15.2082,30.2,60,100,22.26
53,Coquimbo,CL,2021-11-03 01:24:09,-29.9533,-71.3436,56.93,82,90,5.75
54,Ushuaia,AR,2021-11-03 01:26:18,-54.8,-68.3,55.06,54,40,4.61
55,Asfi,MA,2021-11-03 01:26:19,32.2994,-9.2372,66.65,94,100,1.77
56,Suraabad,AZ,2021-11-03 01:26:19,40.8192,49.4687,57.38,92,100,7.4
57,Mataura,NZ,2021-11-03 01:26:19,-46.1927,168.8643,56.48,32,0,6.4
58,Mossendjo,CG,2021-11-03 01:26:19,-2.9506,12.7261,67.51,99,62,0.65
59,Kapaa,US,2021-11-03 01:26:20,22.0752,-159.319,82.72,71,1,5.99
60,Mahebourg,MU,2021-11-03 01:26:20,-20.4081,57.7,70.25,94,75,2.3
61,Padang,ID,2021-11-03 01:26:20,-0.9492,100.3543,78.85,89,100,2.71
62,Kahului,US,2021-11-03 01:23:26,20.8947,-156.47,84.22,72,40,11.5
63,Krasnoselkup,RU,2021-11-03 01:26:21,65.7,82.4667,-5.82,95,17,9.89
64,Ormara,PK,2021-11-03 01:24:33,25.2088,64.6357,77.63,53,0,4.94
65,Carnarvon,AU,2021-11-03 01:26:21,-24.8667,113.6333,73.47,35,37,17.27
66,Bengkulu,ID,2021-11-03 01:26:22,-3.8004,102.2655,77.45,87,100,2.46
67,Luderitz,NA,2021-11-03 01:26:22,-26.6481,15.1594,55.76,73,1,15.17
68,Dogondoutchi,NE,2021-11-03 01:26:22,13.6393,4.0287,81.45,20,98,3.04
69,Tasiilaq,GL,2021-11-03 01:26:23,65.6145,-37.6368,33.96,96,100,10.65
70,La Rioja,ES,2021-11-03 01:24:19,42.25,-2.5,42.48,94,100,3.31
71,Tiksi,RU,2021-11-03 01:26:23,71.6872,128.8694,-10.1,100,89,3.27
72,Kenai,US,2021-11-03 01:26:23,60.5544,-151.2583,40.14,94,90,10.36
73,Lompoc,US,2021-11-03 01:26:24,34.6391,-120.4579,67.1,87,20,8.05
74,Huilong,CN,2021-11-03 01:26:24,31.8111,121.655,65.98,56,1,2.73
75,Zvenigovo,RU,2021-11-03 01:26:24,55.9742,48.0181,34.75,76,98,9.17
76,Provideniya,RU,2021-11-03 01:26:25,64.3833,-173.3,28.51,69,90,15.66
77,Yellowknife,CA,2021-11-03 01:24:04,62.456,-114.3525,32.41,100,20,8.05
78,Alta Floresta,BR,2021-11-03 01:26:25,-9.8756,-56.0861,71.78,93,38,3.0
79,Sao Joao Da Barra,BR,2021-11-03 01:26:25,-21.6403,-41.0511,70.81,90,0,9.44
80,Torbay,CA,2021-11-03 01:26:26,47.6666,-52.7314,43.68,89,20,9.22
81,Abu Samrah,SY,2021-11-03 01:26:26,35.3029,37.1841,60.98,84,10,5.41
82,Dharchula,IN,2021-11-03 01:26:26,29.85,80.5333,49.66,40,0,7.7
83,Bathsheba,BB,2021-11-03 01:26:27,13.2167,-59.5167,79.41,78,40,11.5
84,Kilindoni,TZ,2021-11-03 01:26:27,-7.9139,39.6668,78.94,83,11,10.11
85,Namatanai,PG,2021-11-03 01:23:10,-3.6667,152.4333,85.51,69,100,5.1
86,Bhopal,IN,2021-11-03 01:26:27,23.2667,77.4,61.32,49,2,4.54
87,Mar Del Plata,AR,2021-11-03 01:24:09,-38.0023,-57.5575,62.1,100,90,1.99
88,Praia Da Vitoria,PT,2021-11-03 01:26:28,38.7333,-27.0667,68.76,94,75,17.29
89,Kodinsk,RU,2021-11-03 01:26:28,58.6881,99.1844,9.57,80,100,3.67
90,Cidreira,BR,2021-11-03 01:26:29,-30.1811,-50.2056,69.08,92,97,14.92
91,Saint Anthony,US,2021-11-03 01:26:29,45.0205,-93.218,39.65,56,90,1.01
92,Olafsvik,IS,2021-11-03 01:27:29,64.8945,-23.7142,31.87,61,83,2.13
93,Cape Town,ZA,2021-11-03 01:23:41,-33.9258,18.4232,58.08,75,20,9.22
94,Upernavik,GL,2021-11-03 01:27:30,72.7868,-56.1549,11.73,88,100,8.14
95,Pangai,TO,2021-11-03 01:27:30,-19.8,-174.35,82.51,69,20,9.22
96,Qaqortoq,GL,2021-11-03 01:27:30,60.7167,-46.0333,39.7,94,100,11.65
97,Sechura,PE,2021-11-03 01:27:31,-5.5569,-80.8222,65.88,76,10,14.43
98,Panguna,PG,2021-11-03 01:27:31,-6.3164,155.4848,79.81,73,99,2.1
99,Srednekolymsk,RU,2021-11-03 01:27:31,67.45,153.6833,-3.35,85,96,3.02
100,Tuktoyaktuk,CA,2021-11-03 01:27:31,69.4541,-133.0374,24.8,100,90,8.05
101,Acurenam,GQ,2021-11-03 01:27:32,1.0322,10.6488,67.62,100,100,2.89
102,Diamantino,BR,2021-11-03 01:27:32,-14.4086,-56.4461,77.22,75,100,4.16
103,Zyryanovsk,KZ,2021-11-03 01:27:33,49.7386,84.2719,16.38,82,95,5.79
104,Bacolod,PH,2021-11-03 01:27:33,10.6667,122.95,81.64,82,100,13.51
105,Souillac,MU,2021-11-03 01:27:33,-20.5167,57.5167,70.36,94,75,2.3
106,Chara,RU,2021-11-03 01:27:34,56.9064,118.2631,18.79,88,98,1.25
107,Bambous Virieux,MU,2021-11-03 01:27:34,-20.3428,57.7575,70.21,94,75,2.3
108,Sept-Iles,CA,2021-11-03 01:23:58,50.2001,-66.3821,40.05,63,20,10.0
109,Meadow Lake,US,2021-11-03 01:27:34,34.8014,-106.5436,62.08,39,96,8.88
110,Madimba,TZ,2021-11-03 01:27:35,-10.4,40.3333,79.09,78,70,9.35
111,Luang Prabang,LA,2021-11-03 01:27:35,19.8856,102.1347,73.36,94,90,0.0
112,Hermanus,ZA,2021-11-03 01:24:17,-34.4187,19.2345,55.9,75,0,7.63
113,Faanui,PF,2021-11-03 01:27:35,-16.4833,-151.75,79.95,71,96,2.21
114,Avanigadda,IN,2021-11-03 01:27:36,16.0215,80.9181,77.14,98,100,4.65
115,Chuy,UY,2021-11-03 01:27:36,-33.6971,-53.4616,64.26,93,100,9.06
116,Naze,JP,2021-11-03 01:27:36,28.3667,129.4833,70.72,54,5,10.94
117,Khatanga,RU,2021-11-03 01:27:37,71.9667,102.5,-1.17,97,99,6.96
118,Saint-Pierre,RE,2021-11-03 01:27:37,-21.3393,55.4781,73.04,75,0,3.44
119,Saldanha,ZA,2021-11-03 01:27:37,-33.0117,17.9442,50.05,71,0,5.03
120,Machinga,MW,2021-11-03 01:27:38,-15.1685,35.3,76.95,42,0,3.94
121,Lodja,CD,2021-11-03 01:27:38,-3.4833,23.4333,67.01,99,100,1.43
122,Egvekinot,RU,2021-11-03 01:27:38,66.3167,-179.1667,-3.06,79,23,12.88
123,Dzialdowo,PL,2021-11-03 01:27:38,53.2396,20.17,42.57,94,100,7.29
124,Troitsko-Pechorsk,RU,2021-11-03 01:27:39,62.7084,56.1964,15.76,87,100,7.38
125,Alofi,NU,2021-11-03 01:27:39,-19.0595,-169.9187,84.09,65,75,11.5
126,Narsaq,GL,2021-11-03 01:27:39,60.9167,-46.05,39.42,97,100,7.36
127,Pantelimon,RO,2021-11-03 01:27:40,44.45,26.2,49.06,89,75,1.01
128,Robertsport,LR,2021-11-03 01:27:40,6.7533,-11.3686,80.35,79,28,7.87
129,Permet,AL,2021-11-03 01:27:40,40.2336,20.3517,55.27,92,93,3.36
130,Lebu,CL,2021-11-03 01:27:41,-37.6167,-73.65,54.41,91,100,6.46
131,Ostersund,SE,2021-11-03 01:27:41,63.1792,14.6357,43.61,100,90,8.05
132,Pouebo,NC,2021-11-03 01:27:41,-20.4,164.5667,73.8,58,72,7.29
133,San Cristobal,VE,2021-11-03 01:27:42,7.7669,-72.225,66.72,98,67,1.74
134,Samarai,PG,2021-11-03 01:23:10,-10.6167,150.6667,83.82,65,14,13.09
135,New Norfolk,AU,2021-11-03 01:27:42,-42.7826,147.0587,75.65,50,100,1.01
136,Aklavik,CA,2021-11-03 01:27:42,68.2191,-135.0107,23.83,97,100,3.29
137,Karratha,AU,2021-11-03 01:27:43,-20.7377,116.8463,79.93,36,3,7.81
138,Dutlwe,BW,2021-11-03 01:27:43,-23.9833,23.9,66.67,28,0,10.2
139,Gamba,GA,2021-11-03 01:28:43,-2.65,10.0,74.98,91,24,4.09
140,Salalah,OM,2021-11-03 01:28:44,17.0151,54.0924,71.69,49,0,4.61
141,Mareeba,AU,2021-11-03 01:28:44,-17.0,145.4333,82.49,46,41,9.24
142,Kavaratti,IN,2021-11-03 01:28:44,10.5669,72.642,80.35,77,100,2.39
143,Buraydah,SA,2021-11-03 01:25:18,26.326,43.975,64.85,25,100,5.53
144,Ponta Do Sol,PT,2021-11-03 01:28:45,32.6667,-17.1,69.71,71,100,4.09
145,Primorsk,UA,2021-11-03 01:28:45,46.7348,36.3443,51.66,95,100,6.71
146,Christchurch,NZ,2021-11-03 01:28:45,-43.5333,172.6333,57.4,50,20,1.99
147,Capreol,CA,2021-11-03 01:28:46,46.706,-80.9225,35.55,69,75,5.75
148,Puri,IN,2021-11-03 01:28:46,19.8,85.85,73.92,75,93,10.85
149,Palmares,BR,2021-11-03 01:28:46,-8.6833,-35.5917,73.06,91,1,4.34
150,Ukiah,US,2021-11-03 01:25:18,39.1502,-123.2078,64.13,72,1,3.44
151,Antofagasta,CL,2021-11-03 01:28:47,-23.65,-70.4,61.88,75,41,5.26
152,Ballina,AU,2021-11-03 01:28:47,-28.8667,153.5667,73.58,63,90,12.66
153,Mabai,CN,2021-11-03 01:28:47,23.0128,104.4508,59.92,100,100,3.09
154,Lagoa,PT,2021-11-03 01:28:47,39.05,-27.9833,67.51,90,100,20.15
155,Port Blair,IN,2021-11-03 01:28:48,11.6667,92.75,82.4,78,100,7.25
156,Chernolesskoye,RU,2021-11-03 01:28:48,44.7156,43.7133,49.66,85,67,7.23
157,La Ronge,CA,2021-11-03 01:28:49,55.1001,-105.2842,32.25,47,20,2.3
158,Arraial Do Cabo,BR,2021-11-03 01:28:49,-22.9661,-42.0278,71.53,92,8,16.33
159,Honningsvag,NO,2021-11-03 01:28:49,70.9821,25.9704,42.31,85,100,23.91
160,Ialibu,PG,2021-11-03 01:28:50,-6.2821,143.9935,70.43,55,92,5.35
161,Grindavik,IS,2021-11-03 01:28:50,63.8424,-22.4338,27.07,74,20,9.22
162,Takoradi,GH,2021-11-03 01:28:50,4.8845,-1.7554,76.69,87,100,4.38
163,Georgetown,MY,2021-11-03 01:28:50,5.4112,100.3354,80.89,86,20,0.0
164,Loten,NO,2021-11-03 01:28:51,60.8171,11.3376,42.15,91,100,1.23
165,Komsomolskiy,UZ,2021-11-03 01:28:51,40.4272,71.7189,38.62,70,28,9.22
166,Zyryanka,RU,2021-11-03 01:28:51,65.75,150.85,4.23,69,100,10.78
167,Vung Tau,VN,2021-11-03 01:27:53,10.346,107.0843,79.75,79,100,4.36
168,Urumqi,CN,2021-11-03 01:28:52,43.801,87.6005,45.55,40,0,15.66
169,Sur,OM,2021-11-03 01:28:52,22.5667,59.5289,76.3,51,4,3.11
170,Dunedin,NZ,2021-11-03 01:27:22,-45.8742,170.5036,52.81,56,8,8.01
171,Banjar,ID,2021-11-03 01:28:53,-8.19,114.9675,82.26,73,100,0.54
172,Namibe,AO,2021-11-03 01:28:53,-15.1961,12.1522,64.04,88,98,2.8
173,Oistins,BB,2021-11-03 01:28:53,13.0667,-59.5333,78.89,78,40,11.5
174,Victoria,HK,2021-11-03 01:25:08,22.2855,114.1577,80.65,79,64,3.0
175,Kismayo,SO,2021-11-03 01:28:54,-0.3582,42.5454,78.13,83,100,9.6
176,Sainte-Suzanne,RE,2021-11-03 01:28:54,-20.9061,55.6089,73.58,86,90,10.36
177,Garissa,KE,2021-11-03 01:28:54,-0.4536,39.6401,77.86,77,100,9.15
178,Ugoofaaru,MV,2021-11-03 01:28:55,5.6667,73.0,81.54,75,100,15.23
179,Zhoucheng,CN,2021-11-03 01:28:55,35.9122,116.3117,57.96,80,100,4.12
180,Tura,IN,2021-11-03 01:28:55,25.5198,90.2201,64.35,90,6,3.18
181,Biak,ID,2021-11-03 01:28:56,-0.9131,122.8766,84.04,63,48,1.43
182,Kenora,CA,2021-11-03 01:27:54,49.8167,-94.4337,33.78,74,90,4.61
183,Itoman,JP,2021-11-03 01:28:56,26.1247,127.6694,75.58,57,20,13.8
184,Las Cruces,US,2021-11-03 01:29:04,32.3123,-106.7783,73.51,21,1,1.99
185,Kurilsk,RU,2021-11-03 01:29:57,45.2333,147.8833,43.93,84,100,14.5
186,Sitka,US,2021-11-03 01:29:57,57.0531,-135.33,51.69,58,90,11.5
187,Chokurdakh,RU,2021-11-03 01:29:57,70.6333,147.9167,-16.19,97,8,5.1
188,Kununurra,AU,2021-11-03 01:29:58,-15.7667,128.7333,93.18,52,35,6.91
189,Nikolsk,RU,2021-11-03 01:29:58,53.7189,46.0712,35.55,96,34,9.71
190,Los Llanos De Aridane,ES,2021-11-03 01:29:58,28.6585,-17.9182,67.75,84,75,4.0
191,Nelson Bay,AU,2021-11-03 01:27:13,-32.7167,152.15,80.29,55,100,5.01
192,Waipawa,NZ,2021-11-03 01:29:59,-41.4122,175.5153,52.03,63,100,18.92
193,Taraz,KZ,2021-11-03 01:29:59,42.9,71.3667,34.21,86,99,2.24
194,Okha,RU,2021-11-03 01:29:59,53.5739,142.9478,36.81,86,13,12.59
195,Lhokseumawe,ID,2021-11-03 01:30:00,5.1801,97.1507,78.04,81,100,2.39
196,Plouzane,FR,2021-11-03 01:30:00,48.3833,-4.6167,43.12,97,75,2.3
197,Manaus,BR,2021-11-03 01:30:00,-3.1019,-60.025,79.29,89,40,1.14
198,Bogorodskoye,RU,2021-11-03 01:30:01,56.55,37.8833,36.84,84,22,11.14
199,Orlik,RU,2021-11-03 01:30:02,52.5178,99.825,23.02,73,84,3.15
200,Aguimes,ES,2021-11-03 01:30:03,27.9054,-15.4461,68.63,74,20,10.36
201,Wetaskiwin,CA,2021-11-03 01:30:03,52.9668,-113.3687,33.12,58,9,2.19
202,Port Lincoln,AU,2021-11-03 01:30:04,-34.7333,135.8667,64.78,61,0,15.61
203,Hokitika,NZ,2021-11-03 01:30:05,-42.7167,170.9667,63.64,40,0,6.49
204,Nova Olinda Do Norte,BR,2021-11-03 01:30:06,-3.8881,-59.0942,74.77,90,68,2.64
205,Sinegorye,RU,2021-11-03 01:30:06,62.0788,150.477,10.31,77,92,5.06
206,Awbari,LY,2021-11-03 01:30:07,26.5921,12.7805,70.5,24,0,6.78
207,Phek,IN,2021-11-03 01:30:08,25.6667,94.5,55.2,86,96,1.52
208,Kandi,BJ,2021-11-03 01:30:08,11.1342,2.9386,74.21,46,39,4.07
209,Duki,PK,2021-11-03 01:30:09,30.1541,68.5728,57.63,35,0,5.68
210,At-Bashi,KG,2021-11-03 01:30:10,41.1702,75.8106,22.57,48,3,2.57
211,San Jose De Guanipa,VE,2021-11-03 01:30:11,8.8872,-64.1651,76.64,77,90,10.65
212,Bukachacha,RU,2021-11-03 01:30:11,52.9833,116.9167,28.44,83,96,2.37
213,Sao Filipe,CV,2021-11-03 01:30:12,14.8961,-24.4956,80.24,70,14,3.53
214,Lokosovo,RU,2021-11-03 01:30:13,61.1333,74.8167,1.35,92,9,5.55
215,Ribeira Grande,PT,2021-11-03 01:30:13,38.5167,-28.7,69.91,85,100,17.07
216,Vanavara,RU,2021-11-03 01:30:13,60.34,102.2797,4.23,67,97,7.87
217,Zambezi,ZM,2021-11-03 01:30:14,-13.5432,23.1047,65.95,89,99,3.24
218,Krasnaya Gora,RU,2021-11-03 01:30:14,52.9995,31.6023,49.91,92,100,14.34
219,Nuuk,GL,2021-11-03 01:30:14,64.1835,-51.7216,39.81,87,75,41.43
220,Krapivinskiy,RU,2021-11-03 01:30:15,54.9992,86.8133,-7.96,92,100,6.73
221,East London,ZA,2021-11-03 01:30:15,-33.0153,27.9116,59.14,84,0,4.18
222,Mayo,US,2021-11-03 01:30:15,38.8876,-76.5119,46.94,93,1,1.01
223,Codrington,AU,2021-11-03 01:30:16,-38.2667,141.9667,62.85,89,100,9.78
224,Umm Kaddadah,SD,2021-11-03 01:30:16,13.6017,26.6876,82.26,23,12,20.98
225,Cabo San Lucas,MX,2021-11-03 01:30:02,22.8909,-109.9124,82.51,62,1,1.99
226,Mujiayingzi,CN,2021-11-03 01:30:16,42.1167,118.7833,48.02,45,0,12.46
227,Vysokogornyy,RU,2021-11-03 01:30:17,50.1167,139.15,40.89,28,6,2.62
228,Longyearbyen,SJ,2021-11-03 01:30:17,78.2186,15.6401,19.24,86,90,31.07
229,Pacific Grove,US,2021-11-03 01:28:53,36.6177,-121.9166,67.68,92,75,1.99
230,Homer,US,2021-11-03 01:30:17,59.6425,-151.5483,41.04,94,90,0.0
231,Hami,CN,2021-11-03 01:30:18,42.8,93.45,47.35,39,3,8.32
232,Constitucion,CL,2021-11-03 01:31:18,-35.3333,-72.4167,53.55,86,90,7.7
233,Saint-Philippe,RE,2021-11-03 01:31:19,-21.3585,55.7679,72.95,81,40,8.99
234,Mataram,ID,2021-11-03 01:31:19,-8.5833,116.1167,85.01,70,100,1.95
235,Bairiki,KI,2021-11-03 01:31:19,1.3292,172.9752,87.8,62,20,11.5
236,Pathein,MM,2021-11-03 01:31:19,16.7833,94.7333,80.56,82,97,4.21
237,Zhangye,CN,2021-11-03 01:31:20,38.9342,100.4517,46.56,26,0,9.57
238,Esperance,AU,2021-11-03 01:31:20,-33.8667,121.9,64.24,51,1,4.7
239,Asau,RO,2021-11-03 01:31:20,46.4333,26.4,42.28,72,77,10.2
240,Ancud,CL,2021-11-03 01:31:21,-41.8697,-73.8203,53.13,87,100,17.31
241,Khani,GE,2021-11-03 01:31:21,41.9563,42.9566,53.17,78,100,4.61
242,Kibakwe,TZ,2021-11-03 01:31:21,-6.7167,36.3667,64.47,92,31,2.91
243,Jalu,LY,2021-11-03 01:31:22,29.0331,21.5482,72.86,25,0,6.42
244,Findlay,US,2021-11-03 01:31:22,41.0442,-83.6499,42.42,70,20,5.75
245,Akdepe,TM,2021-11-03 01:31:22,42.0551,59.3788,44.6,39,22,8.66
246,Bolobo,CD,2021-11-03 01:31:23,-2.1667,16.2333,69.87,97,97,3.33
247,Radcliff,US,2021-11-03 01:31:23,37.8404,-85.9491,41.83,76,1,4.61
248,Samagaltay,RU,2021-11-03 01:31:23,50.6022,95.0047,26.24,73,100,13.06
249,Kodinar,IN,2021-11-03 01:31:24,20.7903,70.7031,75.79,53,54,9.37
250,Saint-Joseph,RE,2021-11-03 01:31:24,-21.3667,55.6167,71.96,78,19,6.89
251,Talnakh,RU,2021-11-03 01:31:24,69.4865,88.3972,-15.09,99,71,0.56
252,Atuona,PF,2021-11-03 01:28:33,-9.8,-139.0333,78.08,64,1,13.15
253,Mount Gambier,AU,2021-11-03 01:26:39,-37.8333,140.7667,62.51,94,75,16.11
254,Rapid Valley,US,2021-11-03 01:31:25,44.0625,-103.1463,40.96,76,1,5.75
255,La Plata,AR,2021-11-03 01:29:00,-34.9215,-57.9545,68.99,97,100,10.45
256,Taoudenni,ML,2021-11-03 01:31:26,22.6783,-3.9836,81.1,16,37,8.1
257,Honiara,SB,2021-11-03 01:31:26,-9.4333,159.95,82.96,79,100,5.75
258,Hovd,MN,2021-11-03 01:31:26,48.0056,91.6419,40.15,37,99,25.3
259,Yerbogachen,RU,2021-11-03 01:31:26,61.2767,108.0108,7.99,91,100,11.61
260,Ostrovnoy,RU,2021-11-03 01:31:27,68.0531,39.5131,36.97,89,61,24.05
261,Bethel,US,2021-11-03 01:31:27,41.3712,-73.414,48.81,72,90,5.75
262,Kupang,ID,2021-11-03 01:31:27,-10.1667,123.5833,90.18,62,40,16.11
263,Lavrentiya,RU,2021-11-03 01:31:28,65.5833,-171.0,23.99,81,99,12.44
264,Guerrero Negro,MX,2021-11-03 01:31:28,27.9769,-114.0611,65.14,84,0,14.85
265,Itarema,BR,2021-11-03 01:31:29,-2.9248,-39.9167,79.34,79,25,11.63
266,Sinnamary,GF,2021-11-03 01:31:29,5.3833,-52.95,79.12,81,54,9.48
267,Yatou,CN,2021-11-03 01:31:29,37.15,122.3833,60.93,61,3,5.7
268,Maunabo,PR,2021-11-03 01:31:29,18.0072,-65.8993,80.42,92,100,8.79
269,Beringovskiy,RU,2021-11-03 01:31:30,63.05,179.3167,2.55,75,2,13.33
270,Zhaotong,CN,2021-11-03 01:31:30,27.3167,103.7167,45.95,96,100,2.98
271,Saint George,US,2021-11-03 01:31:30,37.1041,-113.5841,70.39,33,1,3.0
272,Kaduy,RU,2021-11-03 01:31:31,59.2,37.15,36.68,93,42,9.78
273,Yulara,AU,2021-11-03 01:31:31,-25.2406,130.9889,78.64,61,75,6.91
274,Sao Jose Da Coroa Grande,BR,2021-11-03 01:31:31,-8.8978,-35.1478,78.13,83,16,12.37
275,Hervey Bay,AU,2021-11-03 01:31:32,-25.2986,152.8535,80.04,55,73,17.43
276,Roald,NO,2021-11-03 01:32:32,62.5833,6.1333,50.32,70,20,5.75
277,Sheksna,RU,2021-11-03 01:32:32,59.21,38.5107,38.25,90,72,10.51
278,Geraldton,AU,2021-11-03 01:32:33,-28.7667,114.6,70.21,40,0,13.8
279,San Rafael,AR,2021-11-03 01:32:33,-34.6177,-68.3301,68.67,47,73,7.83
280,Tombouctou,ML,2021-11-03 01:32:33,20.0,-3.0,78.48,19,2,8.14
281,Saint-Georges,GD,2021-11-03 01:32:34,12.0564,-61.7485,78.48,89,40,5.75
282,Dvorichna,UA,2021-11-03 01:32:34,49.8496,37.6857,50.68,86,92,9.55
283,Bay Roberts,CA,2021-11-03 01:32:35,47.5999,-53.2648,43.66,89,100,4.0
284,Port Keats,AU,2021-11-03 01:32:35,-14.25,129.55,93.18,50,98,8.01
285,Kathmandu,NP,2021-11-03 01:31:24,27.7167,85.3167,57.42,88,75,0.0
286,Baykit,RU,2021-11-03 01:32:35,61.67,96.37,1.2,95,95,3.13
287,Windsor,CA,2021-11-03 01:32:36,42.3001,-83.0165,41.32,61,75,3.0
288,San Nicolas,PH,2021-11-03 01:32:36,18.1725,120.5953,85.91,58,20,4.61
289,Oxbow,CA,2021-11-03 01:32:36,49.2333,-102.1676,26.55,49,100,6.33
290,Nibbar,TN,2021-11-03 01:32:37,36.2941,8.7666,56.08,94,20,3.44
291,Pisco,PE,2021-11-03 01:32:37,-13.7,-76.2167,64.45,82,0,9.22
292,Tuatapere,NZ,2021-11-03 01:32:37,-46.1333,167.6833,56.82,41,3,9.17
293,Ellisras,ZA,2021-11-03 01:32:38,-23.6649,27.7443,69.85,54,68,5.08
294,Gunjur,GM,2021-11-03 01:32:38,13.2019,-16.7339,75.27,88,0,3.44
295,Severo-Kurilsk,RU,2021-11-03 01:32:38,50.6789,156.125,40.12,67,66,10.85
296,Kisesa,TZ,2021-11-03 01:32:39,-3.0833,34.15,66.65,74,100,5.95
297,Haines Junction,CA,2021-11-03 01:32:39,60.7522,-137.5108,28.35,80,13,2.3
298,Piet Retief,ZA,2021-11-03 01:32:39,-27.0071,30.8132,54.7,85,99,2.17
299,Tariba,VE,2021-11-03 01:32:40,7.8188,-72.2243,67.15,98,75,0.63
300,Muzhi,RU,2021-11-03 01:32:40,65.3667,64.6667,13.98,80,100,8.37
301,Leningradskiy,RU,2021-11-03 01:32:40,69.3833,178.4167,-0.76,82,100,7.0
302,Lodhikheda,IN,2021-11-03 01:32:41,21.5833,78.8333,65.12,62,47,4.07
303,Huambo,AO,2021-11-03 01:32:41,-12.7761,15.7392,61.9,83,100,0.98
304,Rawson,AR,2021-11-03 01:32:41,-43.3002,-65.1023,63.93,57,99,12.28
305,San Miguel,SV,2021-11-03 01:32:42,13.4833,-88.1833,83.86,65,0,4.61
306,Mercedes,AR,2021-11-03 01:32:42,-34.6515,-59.4307,67.86,98,100,6.55
307,Yeroham,IL,2021-11-03 01:32:42,30.9872,34.9314,60.42,89,0,2.08
308,Mpigi,UG,2021-11-03 01:32:43,0.225,32.3136,61.41,96,83,2.53
309,Saint-Francois,FR,2021-11-03 01:32:43,46.4154,3.9054,50.47,82,100,6.91
310,Alliance,US,2021-11-03 01:30:17,40.9153,-81.1059,41.29,78,1,6.98
311,Mackay,AU,2021-11-03 01:32:43,-21.15,149.2,82.38,51,40,19.57
312,Vardo,NO,2021-11-03 01:32:44,70.3705,31.1107,42.12,89,100,25.57
313,Hasaki,JP,2021-11-03 01:32:44,35.7333,140.8333,66.49,53,36,13.2
314,San Carlos De Bariloche,AR,2021-11-03 01:32:44,-41.1456,-71.3082,53.35,58,75,11.5
315,Berbera,SO,2021-11-03 01:32:45,10.4396,45.0143,77.95,60,9,7.99
316,Acapulco,MX,2021-11-03 01:32:45,16.8634,-99.8901,79.25,80,97,7.94
317,Meulaboh,ID,2021-11-03 01:32:46,4.1363,96.1285,78.15,86,100,3.36
318,Teguise,ES,2021-11-03 01:33:46,29.0605,-13.564,66.42,83,40,6.91
319,Maku,IR,2021-11-03 01:33:46,39.2911,44.4521,55.78,71,91,3.49
320,Hereford,GB,2021-11-03 01:30:43,52.0568,-2.7148,41.0,93,86,2.68
321,Moussoro,TD,2021-11-03 01:33:47,13.6408,16.4901,85.89,19,9,13.29
322,Norman Wells,CA,2021-11-03 01:33:47,65.282,-126.8329,15.84,92,90,2.3
323,Iqaluit,CA,2021-11-03 01:29:53,63.7506,-68.5145,17.33,85,90,8.99
324,Hibbing,US,2021-11-03 01:33:47,47.4272,-92.9377,32.45,69,90,3.44
325,Hambantota,LK,2021-11-03 01:33:48,6.1241,81.1185,77.34,100,75,0.0
326,Sabang,ID,2021-11-03 01:33:48,5.8933,95.3214,80.96,78,91,6.26
327,Riyadh,SA,2021-11-03 01:32:55,24.6877,46.7219,66.34,25,8,0.72
328,Ulladulla,AU,2021-11-03 01:30:25,-35.35,150.4667,76.77,50,52,19.04
329,Cockburn Town,TC,2021-11-03 01:33:49,21.4612,-71.1419,81.68,73,2,13.18
330,Vasto,IT,2021-11-03 01:33:49,42.1243,14.7059,61.45,65,90,7.54
331,Sistranda,NO,2021-11-03 01:33:49,63.7256,8.834,49.89,81,94,5.95
332,Port Hedland,AU,2021-11-03 01:31:27,-20.3167,118.5667,80.65,57,78,8.05
333,Ilulissat,GL,2021-11-03 01:33:50,69.2167,-51.1,30.22,93,20,3.44
334,Pangnirtung,CA,2021-11-03 01:33:50,66.1451,-65.7125,22.68,79,100,3.76
335,Lorengau,PG,2021-11-03 01:33:50,-2.0226,147.2712,85.39,69,100,5.61
336,Icatu,BR,2021-11-03 01:33:51,-2.7758,-44.0658,81.03,86,71,5.82
337,Yeppoon,AU,2021-11-03 01:33:51,-23.1333,150.7333,80.38,57,91,16.93
338,Mangrol,IN,2021-11-03 01:33:51,21.1167,70.1167,76.3,59,11,9.31
339,Anqing,CN,2021-11-03 01:33:51,30.5092,117.0506,67.77,55,4,0.6
340,Lafiagi,NG,2021-11-03 01:33:52,8.8667,5.4167,76.33,67,6,3.06
341,Pingliang,CN,2021-11-03 01:33:52,35.5392,106.6861,48.54,48,10,3.58
342,Grand Gaube,MU,2021-11-03 01:33:52,-20.0064,57.6608,70.38,84,7,5.01
343,Naica,MX,2021-11-03 01:33:53,27.85,-105.4833,72.75,25,8,5.39
344,Tete,MZ,2021-11-03 01:33:53,-16.1564,33.5867,82.9,47,0,4.9
345,San Jose,US,2021-11-03 01:31:30,37.3394,-121.895,66.88,77,20,9.22
346,Poim,RU,2021-11-03 01:33:54,53.0264,43.1872,39.83,79,100,11.9
347,Yumen,CN,2021-11-03 01:33:54,40.2833,97.2,42.37,27,0,4.25
348,Guanica,PR,2021-11-03 01:33:54,17.9716,-66.908,81.05,88,98,1.99
349,Belmopan,BZ,2021-11-03 01:28:54,17.25,-88.7667,77.38,98,88,2.75
350,Rizomata,GR,2021-11-03 01:33:55,40.3472,22.2036,48.61,86,32,4.85
351,Ponta Delgada,PT,2021-11-03 01:33:55,37.7333,-25.6667,71.51,94,75,2.3
352,Klaksvik,FO,2021-11-03 01:33:55,62.2266,-6.589,40.12,83,100,39.64
353,Nagapattinam,IN,2021-11-03 01:33:56,10.7667,79.8333,79.09,84,100,10.87
354,Belize,BZ,2021-11-03 01:33:56,17.25,-88.75,77.32,98,94,2.42
355,Vorukh,TJ,2021-11-03 01:33:56,39.8494,70.5838,41.99,34,100,6.67
356,Tinguindin,MX,2021-11-03 01:33:57,19.75,-102.4833,59.16,92,98,3.02
357,Clarence Town,AU,2021-11-03 01:33:57,-32.5833,151.7833,80.15,29,91,7.78
358,Port Jervis,US,2021-11-03 01:33:57,41.3751,-74.6927,46.18,89,35,4.07
359,Korla,CN,2021-11-03 01:33:58,41.7597,86.1469,42.13,40,7,4.92
360,Tondano,ID,2021-11-03 01:33:58,1.3038,124.9112,82.49,60,56,2.21
361,Conde,BR,2021-11-03 01:33:58,-7.2597,-34.9075,80.06,78,40,5.75
362,Kalmunai,LK,2021-11-03 01:33:58,7.4167,81.8167,80.26,79,89,10.2
363,Scarborough,GB,2021-11-03 01:33:08,54.2797,-0.4044,43.92,90,100,1.99
364,Acarau,BR,2021-11-03 01:30:05,-2.8856,-40.12,79.48,79,22,12.33
365,Nanning,CN,2021-11-03 01:29:59,22.8167,108.3167,66.65,87,100,2.77
366,San Carlos,VE,2021-11-03 01:34:59,9.6612,-68.5827,73.53,82,98,3.47
367,San Patricio,US,2021-11-03 01:34:59,28.017,-97.5169,77.09,59,0,9.84
368,Behshahr,IR,2021-11-03 01:35:00,36.6923,53.5526,61.75,70,71,2.21
369,Lianzhou,CN,2021-11-03 01:35:00,24.7811,112.3825,64.62,92,99,2.33
370,Avesta,SE,2021-11-03 01:35:01,60.1455,16.1679,43.52,99,100,6.4
371,Montevideo,UY,2021-11-03 01:34:55,-34.8335,-56.1674,65.91,100,90,13.8
372,Malanje,AO,2021-11-03 01:35:01,-9.5402,16.341,63.14,96,100,1.57
373,Moose Factory,CA,2021-11-03 01:35:02,51.2585,-80.6094,32.0,93,90,12.66
374,Hamilton,US,2021-11-03 01:35:02,39.1834,-84.5333,40.39,77,1,0.0
375,Hof,DE,2021-11-03 01:35:03,50.3167,11.9167,43.45,91,75,4.61
376,San Policarpo,PH,2021-11-03 01:35:04,12.1791,125.5072,81.5,85,100,11.14
377,Caravelas,BR,2021-11-03 01:35:04,-17.7125,-39.2481,75.43,87,100,9.15
378,Sarab,IR,2021-11-03 01:35:04,38.6066,44.9883,55.26,80,91,1.52
379,Abalak,RU,2021-11-03 01:35:05,58.1286,68.5944,8.22,98,76,4.29
380,Kodiak,US,2021-11-03 01:33:34,57.79,-152.4072,44.11,49,1,12.66
381,Ushtobe,KZ,2021-11-03 01:35:06,45.2514,77.9838,36.72,72,100,11.45
382,Kargasok,RU,2021-11-03 01:35:06,59.0556,80.8572,5.59,82,100,14.32
383,Atascadero,US,2021-11-03 01:32:13,35.4894,-120.6707,70.05,80,27,1.61
384,Nishihara,JP,2021-11-03 01:35:07,26.1842,127.7558,74.86,57,20,13.8
385,Jos,NG,2021-11-03 01:35:07,9.9167,8.9,65.91,38,44,0.83
386,Moron,AR,2021-11-03 01:35:07,-34.6534,-58.6198,68.02,97,100,1.01
387,Quatre Cocos,MU,2021-11-03 01:35:08,-20.2078,57.7625,70.09,80,22,10.51
388,Redmond,US,2021-11-03 01:35:08,47.674,-122.1215,52.12,90,100,1.01
389,Carupano,VE,2021-11-03 01:35:08,10.6678,-63.2585,77.49,89,83,9.48
390,Santa Isabel Do Rio Negro,BR,2021-11-03 01:35:08,-0.4139,-65.0192,74.19,97,95,2.73
391,Pemangkat,ID,2021-11-03 01:35:09,1.1667,108.9667,82.26,74,95,6.08
392,Richards Bay,ZA,2021-11-03 01:35:09,-28.783,32.0377,65.23,79,87,9.35
393,Flinders,AU,2021-11-03 01:31:06,-34.5833,150.8552,77.18,59,57,8.99
394,Koshurnikovo,RU,2021-11-03 01:35:10,54.1667,93.3,10.87,73,100,8.59
395,Kirensk,RU,2021-11-03 01:35:10,57.7853,108.1119,21.24,61,100,11.72
396,Carutapera,BR,2021-11-03 01:35:10,-1.195,-46.02,77.54,90,92,5.57
397,Alappuzha,IN,2021-11-03 01:35:11,9.49,76.3264,78.69,85,96,3.65
398,Bilma,NE,2021-11-03 01:35:11,18.6853,12.9164,77.88,19,3,8.34
399,Preobrazheniye,RU,2021-11-03 01:35:11,42.9019,133.9064,49.62,66,51,2.39
400,Fortuna,US,2021-11-03 01:35:11,40.5982,-124.1573,58.98,78,2,5.14
401,Requena,ES,2021-11-03 01:30:23,39.4883,-1.1004,55.18,81,73,23.33
402,Kandrian,PG,2021-11-03 01:35:12,-6.2167,149.55,83.89,75,100,10.67
403,Luanda,AO,2021-11-03 01:33:32,-8.8368,13.2343,75.2,88,75,4.61
404,Sorland,NO,2021-11-03 01:35:12,67.667,12.6934,48.11,79,100,9.1
405,Bac Lieu,VN,2021-11-03 01:35:13,9.285,105.7244,84.78,70,35,16.67
406,Lieksa,FI,2021-11-03 01:35:13,63.3167,30.0167,38.75,88,3,9.69
407,Cayenne,GF,2021-11-03 01:35:13,4.9333,-52.3333,82.09,80,20,4.0
408,Omsukchan,RU,2021-11-03 01:35:14,62.5333,155.8,6.67,81,100,7.0
409,Yenagoa,NG,2021-11-03 01:35:14,4.9247,6.2642,72.97,96,18,2.64
410,Road Town,VG,2021-11-03 01:35:14,18.4167,-64.6167,81.0,68,100,17.45
411,Santa Rosa,PH,2021-11-03 01:36:15,14.3122,121.1114,88.09,60,6,12.3
412,Wichian Buri,TH,2021-11-03 01:36:15,15.6578,101.106,79.72,83,100,4.21
413,Nisia Floresta,BR,2021-11-03 01:36:15,-6.0911,-35.2086,81.41,87,43,5.59
414,Kutum,SD,2021-11-03 01:36:16,14.2,24.6667,72.37,29,51,13.27
415,Bonthe,SL,2021-11-03 01:36:16,7.5264,-12.505,77.47,87,47,1.28
416,Okhotsk,RU,2021-11-03 01:36:16,59.3833,143.3,21.61,93,100,8.72
417,Luganville,VU,2021-11-03 01:36:17,-15.5333,167.1667,79.45,75,85,12.17
418,Balakovo,RU,2021-11-03 01:36:17,52.0278,47.8007,37.6,92,13,11.63
419,Rieti,IT,2021-11-03 01:36:17,42.4072,12.8592,57.52,83,100,4.76
420,Ayan,RU,2021-11-03 01:36:17,56.45,138.1667,32.18,66,98,4.25
421,Atar,MR,2021-11-03 01:36:18,20.5169,-13.0499,82.06,20,5,7.74
422,Ucluelet,CA,2021-11-03 01:35:18,48.9329,-125.5528,52.11,91,100,5.01
423,Camopi,GF,2021-11-03 01:36:18,3.1655,-52.3158,72.39,98,44,2.3
424,Makakilo City,US,2021-11-03 01:36:18,21.3469,-158.0858,78.69,81,90,3.44
425,Constantine,DZ,2021-11-03 01:36:19,36.365,6.6147,62.01,72,0,6.91
426,Luwuk,ID,2021-11-03 01:36:19,-0.9516,122.7875,87.62,61,39,3.15
427,Lexington,US,2021-11-03 01:35:11,37.9887,-84.4777,39.94,77,1,3.44
428,Colomi,BO,2021-11-03 01:36:20,-17.35,-65.8667,59.02,81,100,2.15
429,San Quintin,MX,2021-11-03 01:36:20,30.4833,-115.95,62.49,88,7,14.85
430,General Roca,AR,2021-11-03 01:36:20,-39.0333,-67.5833,77.4,31,74,17.43
431,Dubrovnik,HR,2021-11-03 01:36:21,42.6481,18.0922,58.64,77,40,10.36
432,Puerto Escondido,MX,2021-11-03 01:36:21,15.85,-97.0667,83.23,69,40,3.44
433,Rabat,MA,2021-11-03 01:36:21,33.9911,-6.8401,68.07,94,75,5.75
434,Soyo,AO,2021-11-03 01:36:22,-6.1349,12.3689,76.3,84,86,7.49
435,Agadir,MA,2021-11-03 01:36:22,30.4202,-9.5982,66.65,88,47,2.91
436,Gloucester,GB,2021-11-03 01:36:22,51.8657,-2.2431,41.45,89,63,2.28
437,Muros,ES,2021-11-03 01:36:23,42.7762,-9.0603,50.85,95,100,12.15
438,Skala Fourkas,GR,2021-11-03 01:36:23,39.9998,23.3841,57.43,81,80,6.08
439,Lapua,FI,2021-11-03 01:36:23,62.9693,23.0088,45.28,85,100,6.26
440,Ranong,TH,2021-11-03 01:36:23,9.9658,98.6348,80.53,76,71,5.35
441,Khuzhir,RU,2021-11-03 01:36:24,53.1939,107.3397,37.24,68,100,4.65
442,Havoysund,NO,2021-11-03 01:36:24,70.9963,24.6622,41.88,81,100,11.12
443,Muncar,ID,2021-11-03 01:36:25,-8.4333,114.3333,83.79,70,100,3.42
444,Jabinyanah,TN,2021-11-03 01:36:25,35.035,10.9081,73.2,86,0,14.85
445,Pringsewu,ID,2021-11-03 01:36:25,-5.3582,104.9744,83.26,70,100,1.83
446,Fuzhou,CN,2021-11-03 01:36:26,26.0614,119.3061,67.89,84,100,1.34
447,Port-Gentil,GA,2021-11-03 01:36:26,-0.7193,8.7815,78.01,85,68,8.86
448,Ust-Kulom,RU,2021-11-03 01:36:26,61.6864,53.6902,19.47,84,100,5.59
449,Carroll,US,2021-11-03 01:36:27,39.5501,-77.0164,43.12,83,1,3.0
450,Harper,LR,2021-11-03 01:36:27,4.375,-7.7169,77.54,86,25,4.88
451,Luis Correia,BR,2021-11-03 01:36:27,-2.8792,-41.6669,79.99,82,74,12.19
452,Bereda,ES,2021-11-03 01:36:28,43.2686,-7.5406,47.41,98,100,2.33
453,Jiaojiang,CN,2021-11-03 01:36:28,28.6803,121.4428,64.0,88,99,3.24
454,Pacifica,US,2021-11-03 01:36:28,37.6138,-122.4869,66.25,82,20,3.0
455,Tabas,IR,2021-11-03 01:36:29,33.5959,56.9244,64.71,36,0,4.18
456,Sehwan,PK,2021-11-03 01:36:29,26.4279,67.863,62.42,38,0,4.16
457,Santa Maria,BR,2021-11-03 01:32:37,-29.6842,-53.8069,74.5,83,75,5.75
458,Businga,CD,2021-11-03 01:37:29,3.3333,20.8833,69.26,99,57,1.63
459,Cascais,PT,2021-11-03 01:37:30,38.6979,-9.4215,59.43,75,35,1.99
460,Mangai,CD,2021-11-03 01:37:30,-4.05,19.5333,68.43,96,100,1.45
461,Maymyo,MM,2021-11-03 01:37:30,22.0333,96.4667,67.71,83,41,1.68
462,Channel-Port Aux Basques,CA,2021-11-03 01:37:31,47.5702,-59.1367,48.25,75,41,9.73
463,Vila Franca Do Campo,PT,2021-11-03 01:37:31,37.7167,-25.4333,71.2,89,100,2.53
464,Marawi,PH,2021-11-03 01:37:31,7.9986,124.2928,72.64,67,98,1.36
465,Inhambane,MZ,2021-11-03 01:37:32,-23.865,35.3833,73.42,91,85,12.3
466,Laguna,US,2021-11-03 01:37:32,38.421,-121.4238,66.76,76,1,1.01
467,Phibun Mangsahan,TH,2021-11-03 01:37:32,15.2447,105.2291,84.09,74,100,4.68
468,Chicama,PE,2021-11-03 01:37:33,-7.8447,-79.1469,61.34,79,21,5.66
469,Gedo,ET,2021-11-03 01:37:33,9.0167,37.45,46.8,49,41,4.09
470,Nesna,NO,2021-11-03 01:37:33,66.1967,13.0213,44.51,76,100,16.4
471,Mineros,BO,2021-11-03 01:37:34,-17.1167,-63.2333,71.19,84,84,3.8
472,Bermeo,ES,2021-11-03 01:37:34,43.4209,-2.7215,54.64,79,93,19.86
473,Mehamn,NO,2021-11-03 01:37:34,71.0357,27.8492,39.13,88,100,15.3
474,Kologriv,RU,2021-11-03 01:37:34,58.8275,44.3178,36.91,87,100,7.83
475,Labuhan,ID,2021-11-03 01:37:35,-6.8844,112.2051,85.82,66,92,4.12
476,Truro,GB,2021-11-03 01:34:40,50.2653,-5.0544,47.48,87,75,17.27
477,Camden,US,2021-11-03 01:36:06,39.7835,-74.9663,45.75,94,65,5.03
478,Sapa,PH,2021-11-03 01:37:35,5.1544,120.3241,85.24,67,57,1.01
479,Kaduqli,SD,2021-11-03 01:37:36,11.0167,29.7167,80.94,47,83,3.06
480,Raudeberg,NO,2021-11-03 01:37:36,61.9875,5.1352,49.19,74,79,1.99
481,Sabae,JP,2021-11-03 01:37:37,35.9465,136.185,60.58,63,43,8.21
482,Bonavista,CA,2021-11-03 01:37:37,48.6499,-53.1147,42.8,73,100,8.3
483,Sovetskiy,RU,2021-11-03 01:37:37,61.3614,63.5842,12.47,81,100,6.06
484,Coreau,BR,2021-11-03 01:37:37,-3.5333,-40.6567,77.07,74,59,3.58
485,Beloha,MG,2021-11-03 01:37:38,-25.1667,45.05,68.2,86,4,2.42
486,Farrukhnagar,IN,2021-11-03 01:37:38,17.0778,78.2011,73.11,92,98,7.85
487,Maxixe,MZ,2021-11-03 01:37:39,-23.8597,35.3472,73.06,91,88,11.32
488,Bela,IN,2021-11-03 01:37:39,25.9333,81.9833,69.37,48,0,1.72
489,Melfort,CA,2021-11-03 01:37:39,52.8667,-104.6177,30.33,64,92,8.05
490,Shahreza,IR,2021-11-03 01:37:39,32.0339,51.8794,52.45,35,2,2.93
491,Kourou,GF,2021-11-03 01:37:40,5.1552,-52.6478,82.11,81,30,7.4
492,Aden,YE,2021-11-03 01:37:40,12.7794,45.0367,81.12,59,65,8.03
493,Solnechnyy,RU,2021-11-03 01:37:40,50.7214,136.6319,39.36,32,51,5.35
494,Mitsamiouli,KM,2021-11-03 01:37:41,-11.3847,43.2844,77.79,80,5,10.4
495,Ust-Tsilma,RU,2021-11-03 01:37:41,65.441,52.1498,27.54,89,100,9.4
496,Paamiut,GL,2021-11-03 01:37:42,61.994,-49.6678,36.73,89,97,31.21
497,Berberati,CF,2021-11-03 01:37:42,4.2612,15.7922,67.78,98,85,1.34
498,The Valley,AI,2021-11-03 01:37:42,18.217,-63.0578,80.46,72,97,16.73
499,Olinda,BR,2021-11-03 01:37:43,-8.0089,-34.8553,82.13,74,75,8.05
500,Port Hardy,CA,2021-11-03 01:37:43,50.6996,-127.4199,50.0,87,90,32.21
501,Praia,CV,2021-11-03 01:37:43,14.9215,-23.5087,77.54,61,0,8.05
502,Maneadero,MX,2021-11-03 01:37:44,31.7167,-116.5667,65.19,87,20,3.0
503,Puerto Quijarro,BO,2021-11-03 01:37:44,-17.7833,-57.7667,79.79,69,100,4.65
504,Cabedelo,BR,2021-11-03 01:38:44,-6.9811,-34.8339,81.27,82,19,10.11
505,Tortoli,IT,2021-11-03 01:38:45,39.9256,9.6572,62.42,63,0,2.3
506,Broken Hill,AU,2021-11-03 01:38:45,-31.95,141.4333,85.71,37,75,12.66
507,Viedma,AR,2021-11-03 01:38:45,-40.8135,-62.9967,63.48,70,32,17.36
508,Faya,SA,2021-11-03 01:38:46,18.3851,42.4509,51.91,39,7,5.01
509,Puerto Madero,MX,2021-11-03 01:38:46,14.7208,-92.4215,79.0,100,75,2.3
510,Zhezkazgan,KZ,2021-11-03 01:38:46,47.8043,67.7144,17.74,39,2,20.15
511,Kyabe,TD,2021-11-03 01:38:47,9.4515,18.9449,73.65,80,99,3.91
512,Chake Chake,TZ,2021-11-03 01:38:47,-5.2459,39.7666,76.17,87,37,6.33
513,Provost,CA,2021-11-03 01:38:47,52.3501,-110.2683,31.42,39,0,2.91
514,Santiago,CL,2021-11-03 01:34:18,-33.4569,-70.6483,70.86,46,0,11.5
515,Lingao,CN,2021-11-03 01:38:48,19.9103,109.6859,78.75,84,18,9.69
516,Angoche,MZ,2021-11-03 01:38:48,-16.2325,39.9086,76.08,84,0,12.77
517,Takestan,IR,2021-11-03 01:38:48,36.0696,49.6959,51.93,48,59,5.08
518,Flagstaff,US,2021-11-03 01:36:00,35.1981,-111.6513,55.06,47,1,6.91
519,Makokou,GA,2021-11-03 01:38:49,0.5738,12.8642,67.71,99,98,1.83
520,Bondo,CD,2021-11-03 01:38:49,3.8146,23.6866,67.28,99,99,1.72
521,Xichang,CN,2021-11-03 01:38:49,27.8964,102.2634,58.69,74,61,2.35
522,Sola,VU,2021-11-03 01:38:49,-13.8833,167.55,80.87,76,80,19.46
523,Koygorodok,RU,2021-11-03 01:38:50,60.445,50.9968,19.85,91,63,5.95
524,College,US,2021-11-03 01:38:50,64.8569,-147.8028,31.59,90,75,0.0
525,Bimbo,CF,2021-11-03 01:38:50,4.2567,18.4158,73.33,94,20,0.0
526,Plainview,US,2021-11-03 01:38:51,40.7765,-73.4673,49.24,75,90,5.75
527,Sao Desiderio,BR,2021-11-03 01:38:51,-12.3633,-44.9733,71.28,96,100,0.76
528,Taichung,TW,2021-11-03 01:36:32,24.1469,120.6839,82.49,72,75,3.0
529,Wehr,DE,2021-11-03 01:38:51,47.6298,7.9042,47.05,90,100,1.01
530,Sompeta,IN,2021-11-03 01:38:52,18.9333,84.6,76.19,87,100,8.32
531,Verkhnyaya Inta,RU,2021-11-03 01:38:52,65.9811,60.3094,22.44,68,100,23.98
532,Katherine,AU,2021-11-03 01:38:52,-14.4667,132.2667,93.52,46,40,5.75
533,Oxford,GB,2021-11-03 01:34:37,51.7522,-1.256,39.78,93,90,0.0
534,Hobyo,SO,2021-11-03 01:38:53,5.3505,48.5268,79.29,74,33,8.95
535,Natal,BR,2021-11-03 01:37:36,-5.795,-35.2094,81.25,83,40,8.05
536,Comodoro Rivadavia,AR,2021-11-03 01:38:53,-45.8667,-67.5,57.06,62,0,3.44
537,Tamiahua,MX,2021-11-03 01:38:54,21.2667,-97.45,73.85,69,99,5.5
538,Kungurtug,RU,2021-11-03 01:38:54,50.5994,97.5228,34.41,61,67,7.54
539,Palembang,ID,2021-11-03 01:38:54,-2.9167,104.7458,80.69,83,20,8.05
